{
    "offset": 422669.48000000004,
    "scale": 350.3542666666664
}